loc_id,lat,lon,housing_class,floor_area_m2,cost_per_m2_kes,tiv_kes,synthetic,source,hazard_score_common,hazard_score_occasional,hazard_score_moderate,hazard_score_severe,hazard_score_extreme
LSK-0000,-15.405234,28.291509,permanent_masonry,123,61088,7513824.0,True,synthetic Lusaka Zambia urban flood demo for Casta4 — not a real portfolio,0.0872011742816103,0.0740777469577297,0.0162595932930999,0,0
LSK-0001,-15.462112,28.284941,semi_permanent,33,10321,340593.0,True,synthetic Lusaka Zambia urban flood demo for Casta4 — not a real portfolio,0.2226216388301109,0.1562946523486753,0.0881160827911808,0.0199072576050239,0
LSK-0002,-15.376352,28.335746,concrete_rcc,756,74201,56095956.0,True,synthetic Lusaka Zambia urban flood demo for Casta4 — not a real portfolio,0.3543646709443783,0.3272425144227237,0.2740083627934292,0.2273129076428086,0.101330524504192
LSK-0003,-15.411081,28.376694,semi_permanent,31,11584,359104.0,True,synthetic Lusaka Zambia urban flood demo for Casta4 — not a real portfolio,0.630808593941947,0.6145087874486125,0.5438466868907925,0.4598364709550877,0.3766238724133653
LSK-0004,-15.357097,28.343826,permanent_masonry,167,53119,8870873.0,True,synthetic Lusaka Zambia urban flood demo for Casta4 — not a real portfolio,0.352527954478373,0.3260211162223455,0.2967126427638319,0.2148320742406391,0.1489264032102979
LSK-0005,-15.403419,28.291021,permanent_masonry,154,60838,9369052.0,True,synthetic Lusaka Zambia urban flood demo for Casta4 — not a real portfolio,0.5882793963241821,0.5822810196550237,0.5780735515330563,0.5108307678033126,0.4550923974324943
LSK-0006,-15.446768,28.300959,permanent_masonry,139,48110,6687290.0,True,synthetic Lusaka Zambia urban flood demo for Casta4 — not a real portfolio,0.2788187678906615,0.245028366386723,0.2190906749598616,0.1434227034330069,0.1341084279965253
LSK-0007,-15.397519,28.329933,permanent_masonry,153,46605,7130565.0,True,synthetic Lusaka Zambia urban flood demo for Casta4 — not a real portfolio,0.3334069807368433,0.3051132862171726,0.2330836141463151,0.1752319716381685,0.170625603695044
LSK-0008,-15.394795,28.374842,informal_iron_sheet,9,6543,58887.0,True,synthetic Lusaka Zambia urban flood demo for Casta4 — not a real portfolio,0.493944398747426,0.4817820334225144,0.4736083374733607,0.3883884548521928,0.3158890507424621
LSK-0009,-15.358841,28.365611,informal_iron_sheet,21,6272,131712.0,True,synthetic Lusaka Zambia urban flood demo for Casta4 — not a real portfolio,0.6515484980766924,0.5717498411278502,0.5084500059768761,0.4929874436732934,0.3868254463373449
LSK-0010,-15.407987,28.273346,permanent_masonry,141,51141,7210881.0,True,synthetic Lusaka Zambia urban flood demo for Casta4 — not a real portfolio,0.1332400544108896,0.0674133404366512,0.0100310344362879,0,0
LSK-0011,-15.462050,28.283933,concrete_rcc,722,75077,54205594.0,True,synthetic Lusaka Zambia urban flood demo for Casta4 — not a real portfolio,0.3251213443116967,0.2742284792126838,0.2579989773578518,0.2361629619241966,0.1026874492562592
LSK-0012,-15.394638,28.338709,permanent_masonry,67,55488,3717696.0,True,synthetic Lusaka Zambia urban flood demo for Casta4 — not a real portfolio,0.562686278334857,0.507245614801921,0.4360265072092243,0.387850586066832,0.2893912449878353
LSK-0013,-15.407406,28.374157,permanent_masonry,114,42278,4819692.0,True,synthetic Lusaka Zambia urban flood demo for Casta4 — not a real portfolio,0.3512689314031469,0.3083240816155194,0.2602133475315168,0.1898366797504241,0.1330481229889665
LSK-0014,-15.372970,28.366294,informal_iron_sheet,22,9679,212938.0,True,synthetic Lusaka Zambia urban flood demo for Casta4 — not a real portfolio,0.5969895586482745,0.5568933520289284,0.5491225345651037,0.4747243565547979,0.4012785655046901
LSK-0015,-15.424501,28.292434,concrete_rcc,408,79181,32305848.0,True,synthetic Lusaka Zambia urban flood demo for Casta4 — not a real portfolio,0.1143077070752042,0.0404800060766866,0,0,0
LSK-0016,-15.472140,28.303461,semi_permanent,29,10544,305776.0,True,synthetic Lusaka Zambia urban flood demo for Casta4 — not a real portfolio,0.1616120069614699,0.1148340734205994,0.060156393421159,0,0
LSK-0017,-15.394317,28.319609,concrete_rcc,571,78207,44656197.0,True,synthetic Lusaka Zambia urban flood demo for Casta4 — not a real portfolio,0.1141403036988559,0.053957106371432,0.0122998256030187,0,0
LSK-0018,-15.402694,28.396634,permanent_masonry,106,61802,6551012.0,True,synthetic Lusaka Zambia urban flood demo for Casta4 — not a real portfolio,0.134643738532609,0.1002734313774227,0.0513995837511857,0.0289005414377562,0
LSK-0019,-15.359243,28.349772,informal_iron_sheet,23,9412,216476.0,True,synthetic Lusaka Zambia urban flood demo for Casta4 — not a real portfolio,0.4921406404041732,0.4182395467216662,0.3982757859559893,0.3068508451378835,0.1781841669105739
LSK-0020,-15.427151,28.281997,semi_permanent,41,9954,408114.0,True,synthetic Lusaka Zambia urban flood demo for Casta4 — not a real portfolio,0.5798095493663896,0.5214991559696391,0.4765200039175289,0.47361699553773,0.3530435711942737
LSK-0021,-15.470591,28.297668,informal_iron_sheet,9,9012,81108.0,True,synthetic Lusaka Zambia urban flood demo for Casta4 — not a real portfolio,0.6069349931554607,0.5349184740480415,0.4375721937679747,0.3363652497959093,0.3174696894643249
LSK-0022,-15.397491,28.322322,concrete_rcc,910,80697,73434270.0,True,synthetic Lusaka Zambia urban flood demo for Casta4 — not a real portfolio,0.573096615564231,0.5704375530468897,0.4916036398331417,0.3899745724698588,0.3111011135344089
LSK-0023,-15.400838,28.384788,permanent_masonry,145,44434,6442930.0,True,synthetic Lusaka Zambia urban flood demo for Casta4 — not a real portfolio,0.2687054740028179,0.2408014822642508,0.1715551085952393,0.1445288236455599,0.0679723599421777
LSK-0024,-15.362348,28.353158,permanent_masonry,92,39718,3654056.0,True,synthetic Lusaka Zambia urban flood demo for Casta4 — not a real portfolio,0.5827443940323647,0.5765300148228053,0.5074081648595384,0.4709070283535621,0.4149063522227735
LSK-0025,-15.424016,28.289226,concrete_rcc,714,78231,55856934.0,True,synthetic Lusaka Zambia urban flood demo for Casta4 — not a real portfolio,0.499430036404916,0.4867910986787647,0.4384686391800242,0.4041135478237593,0.2656198913941226
LSK-0026,-15.444573,28.287255,semi_permanent,56,9849,551544.0,True,synthetic Lusaka Zambia urban flood demo for Casta4 — not a real portfolio,0.1668470797426035,0.1525415848341272,0.1505134023308547,0.1081627286445491,0.0593419765129711
LSK-0027,-15.379779,28.333614,permanent_masonry,68,49991,3399388.0,True,synthetic Lusaka Zambia urban flood demo for Casta4 — not a real portfolio,0.401274549906224,0.3766077740462734,0.2889138951827718,0.1757328271469978,0.1641279644110128
LSK-0028,-15.397171,28.387725,semi_permanent,46,9780,449880.0,True,synthetic Lusaka Zambia urban flood demo for Casta4 — not a real portfolio,0.1797799488434066,0.1494321590041545,0.1200494223197347,0.1102951520038368,0
LSK-0029,-15.360200,28.362457,permanent_masonry,132,47595,6282540.0,True,synthetic Lusaka Zambia urban flood demo for Casta4 — not a real portfolio,0.639422387015613,0.5682759407316481,0.5475140443906568,0.5345966024572336,0.4306530801814298
LSK-0030,-15.427326,28.285222,permanent_masonry,96,60088,5768448.0,True,synthetic Lusaka Zambia urban flood demo for Casta4 — not a real portfolio,0.1539178707023893,0.1246104371010369,0.0394438308871395,0,0
LSK-0031,-15.461078,28.286065,permanent_masonry,78,56496,4406688.0,True,synthetic Lusaka Zambia urban flood demo for Casta4 — not a real portfolio,0.4293214328822505,0.3866015542691166,0.3844132471843913,0.3659209735785844,0.2747296911420272
LSK-0032,-15.389096,28.336451,semi_permanent,41,9360,383760.0,True,synthetic Lusaka Zambia urban flood demo for Casta4 — not a real portfolio,0.4803705773233233,0.4441040292409744,0.4094752715506038,0.3417416172694211,0.2466586647165095
LSK-0033,-15.405078,28.387820,permanent_masonry,122,61747,7533134.0,True,synthetic Lusaka Zambia urban flood demo for Casta4 — not a real portfolio,0.4019642777690637,0.3487021251059809,0.3245894452071548,0.310053203980267,0.2135474599044278
LSK-0034,-15.370059,28.347430,informal_iron_sheet,11,6613,72743.0,True,synthetic Lusaka Zambia urban flood demo for Casta4 — not a real portfolio,0.5649957685442061,0.5148019807863167,0.4937548912194617,0.4591256747761801,0.3660994661832521
LSK-0035,-15.406353,28.278872,concrete_rcc,1098,78759,86477382.0,True,synthetic Lusaka Zambia urban flood demo for Casta4 — not a real portfolio,0.2886687483059068,0.2600414244101994,0.2430509841441089,0.1930396335562254,0.0691382654743647
LSK-0036,-15.455424,28.294035,permanent_masonry,72,49883,3591576.0,True,synthetic Lusaka Zambia urban flood demo for Casta4 — not a real portfolio,0.5129240021280858,0.4430458393666341,0.4350868922128867,0.3678259469318,0.3241634911034199
LSK-0037,-15.375612,28.327809,semi_permanent,38,12012,456456.0,True,synthetic Lusaka Zambia urban flood demo for Casta4 — not a real portfolio,0.4139346979366019,0.3915543887164313,0.3069759541395251,0.2389877277514461,0.1229407239329703
LSK-0038,-15.398633,28.376734,permanent_masonry,126,46260,5828760.0,True,synthetic Lusaka Zambia urban flood demo for Casta4 — not a real portfolio,0.3378454494965445,0.3139521399332625,0.2823845588618315,0.2543578842769967,0.1587879365533991
LSK-0039,-15.371620,28.341962,semi_permanent,42,10152,426384.0,True,synthetic Lusaka Zambia urban flood demo for Casta4 — not a real portfolio,0.4179695998988464,0.3525683226285619,0.2778332603727759,0.1709111232900469,0.116309568626879
LSK-0040,-15.409794,28.281607,permanent_masonry,137,41140,5636180.0,True,synthetic Lusaka Zambia urban flood demo for Casta4 — not a real portfolio,0.3784484800363062,0.371488120115675,0.3425666689369173,0.282070310192059,0.1686637298855858
LSK-0041,-15.455910,28.307835,semi_permanent,49,10048,492352.0,True,synthetic Lusaka Zambia urban flood demo for Casta4 — not a real portfolio,0.241409127974297,0.1663443179735296,0.1115837817363754,0.0741117193076607,0.0519658520984776
LSK-0042,-15.376487,28.336339,informal_iron_sheet,23,7372,169556.0,True,synthetic Lusaka Zambia urban flood demo for Casta4 — not a real portfolio,0.4612345791510525,0.3814728438576204,0.2832485256362198,0.2676430351511881,0.1692368903599636
LSK-0043,-15.400965,28.379401,permanent_masonry,148,59957,8873636.0,True,synthetic Lusaka Zambia urban flood demo for Casta4 — not a real portfolio,0.2419369244398968,0.2175663893228466,0.1298030665055285,0.0313797537986557,0
LSK-0044,-15.381136,28.348200,informal_iron_sheet,21,6571,137991.0,True,synthetic Lusaka Zambia urban flood demo for Casta4 — not a real portfolio,0.3810034636698692,0.3382586609851132,0.2631306989475633,0.2176502823148184,0.0888013891600639
LSK-0045,-15.419324,28.281782,informal_iron_sheet,15,7817,117255.0,True,synthetic Lusaka Zambia urban flood demo for Casta4 — not a real portfolio,0.4400044655672392,0.3713335721585318,0.287511603081206,0.1688102172937798,0.1391245949022451
LSK-0046,-15.463845,28.279204,informal_iron_sheet,13,5389,70057.0,True,synthetic Lusaka Zambia urban flood demo for Casta4 — not a real portfolio,0.5563146709131834,0.5337392943275918,0.4921008226182894,0.426412990465964,0.2888994503441645
LSK-0047,-15.382692,28.329291,informal_iron_sheet,15,6170,92550.0,True,synthetic Lusaka Zambia urban flood demo for Casta4 — not a real portfolio,0.6704060270678858,0.5993283640326373,0.5869210811094056,0.5428375734468247,0.4342453982248227
LSK-0048,-15.397968,28.395923,concrete_rcc,463,80512,37277056.0,True,synthetic Lusaka Zambia urban flood demo for Casta4 — not a real portfolio,0.2812291592595693,0.2198328368363263,0.1257038795852395,0.0878985925973802,0.0456410482983165
LSK-0049,-15.363781,28.353051,concrete_rcc,777,77323,60079971.0,True,synthetic Lusaka Zambia urban flood demo for Casta4 — not a real portfolio,0.5998981278825377,0.5743744409368665,0.5555247739861662,0.4587470268305915,0.4204067031984451
LSK-0050,-15.406428,28.280673,informal_iron_sheet,24,6541,156984.0,True,synthetic Lusaka Zambia urban flood demo for Casta4 — not a real portfolio,0.2783243083602283,0.21734120508669,0.1608798095527745,0.1569356747781276,0.0898513236035651
LSK-0051,-15.452076,28.283832,informal_iron_sheet,17,7042,119714.0,True,synthetic Lusaka Zambia urban flood demo for Casta4 — not a real portfolio,0.3812150696971512,0.3309156937187945,0.2637701552086364,0.2626758912806835,0.2228362887541297
LSK-0052,-15.381611,28.319697,permanent_masonry,163,58396,9518548.0,True,synthetic Lusaka Zambia urban flood demo for Casta4 — not a real portfolio,0.3945800773629963,0.3530523276532113,0.3356430283253649,0.2799194925046395,0.2529637718061786
LSK-0053,-15.395684,28.386659,concrete_rcc,514,79980,41109720.0,True,synthetic Lusaka Zambia urban flood demo for Casta4 — not a real portfolio,0.6160259885261986,0.5580005779166459,0.4912939429991457,0.4057405226386255,0.3535517317799168
LSK-0054,-15.374669,28.342522,concrete_rcc,600,80218,48130800.0,True,synthetic Lusaka Zambia urban flood demo for Casta4 — not a real portfolio,0.4120118780537887,0.3938104799877765,0.3346901087055885,0.2259696501130093,0.1344075278578821
LSK-0055,-15.428460,28.285726,concrete_rcc,644,81019,52176236.0,True,synthetic Lusaka Zambia urban flood demo for Casta4 — not a real portfolio,0.1874727482661692,0.1150414968513505,0.0551053039562394,0.0545577437333268,0.0039693193115963
LSK-0056,-15.442851,28.300685,permanent_masonry,141,45946,6478386.0,True,synthetic Lusaka Zambia urban flood demo for Casta4 — not a real portfolio,0.3264783168733832,0.2862623790786731,0.1976973201132043,0.0949564849729197,0.0461210170658726
LSK-0057,-15.397230,28.328625,semi_permanent,51,10216,521016.0,True,synthetic Lusaka Zambia urban flood demo for Casta4 — not a real portfolio,0.4359048710445095,0.3976048705037429,0.3534123518409942,0.2957156224878018,0.2509328562085612
LSK-0058,-15.393593,28.394585,semi_permanent,51,9362,477462.0,True,synthetic Lusaka Zambia urban flood demo for Casta4 — not a real portfolio,0.4266279990486418,0.3858553372962251,0.2955790047766004,0.2304755789269348,0.1435318474127507
LSK-0059,-15.369263,28.340460,concrete_rcc,439,74428,32673892.0,True,synthetic Lusaka Zambia urban flood demo for Casta4 — not a real portfolio,0.494305579571228,0.4504280796472449,0.4283503339952949,0.3611998690590826,0.2213008413999978
LSK-0060,-15.427022,28.290914,concrete_rcc,629,78984,49680936.0,True,synthetic Lusaka Zambia urban flood demo for Casta4 — not a real portfolio,0.3256479317566263,0.2835398066759225,0.2301802638906665,0.2085604805534385,0.1542924795354301
LSK-0061,-15.465452,28.286888,informal_iron_sheet,13,7937,103181.0,True,synthetic Lusaka Zambia urban flood demo for Casta4 — not a real portfolio,0.3116977508928321,0.2827163854669707,0.2611515848342024,0.1496337358427045,0.1346773785981131
LSK-0062,-15.398564,28.327977,semi_permanent,39,12099,471861.0,True,synthetic Lusaka Zambia urban flood demo for Casta4 — not a real portfolio,0.2303872232052417,0.1958266937215267,0.1350415193633562,0.0539147996789579,0.0293277625753289
LSK-0063,-15.400981,28.393302,concrete_rcc,485,74619,36190215.0,True,synthetic Lusaka Zambia urban flood demo for Casta4 — not a real portfolio,0.2683308614650127,0.2399871025652942,0.1731698758343668,0.1093222654051465,0
LSK-0064,-15.384469,28.339715,permanent_masonry,145,49483,7175035.0,True,synthetic Lusaka Zambia urban flood demo for Casta4 — not a real portfolio,0.1103052397627798,0.0830151850540606,0.0527265319041507,0,0
LSK-0065,-15.411901,28.293540,informal_iron_sheet,17,6896,117232.0,True,synthetic Lusaka Zambia urban flood demo for Casta4 — not a real portfolio,0.4648126955396838,0.3986113036134593,0.3356379956168421,0.2419183185241018,0.1229462830191078
LSK-0066,-15.449045,28.295351,semi_permanent,49,9119,446831.0,True,synthetic Lusaka Zambia urban flood demo for Casta4 — not a real portfolio,0.5880382079881384,0.5767143157252578,0.4898704197242297,0.4084541254177567,0.3783431164215837
LSK-0067,-15.391409,28.325016,semi_permanent,53,12133,643049.0,True,synthetic Lusaka Zambia urban flood demo for Casta4 — not a real portfolio,0.6421618949256227,0.6001459426468791,0.5533521960293293,0.5260286990634195,0.4051796849350258
LSK-0068,-15.409525,28.383794,permanent_masonry,86,53714,4619404.0,True,synthetic Lusaka Zambia urban flood demo for Casta4 — not a real portfolio,0.6241812528090123,0.5862048039698312,0.5671961361314789,0.5514340721714871,0.5081786022611232
LSK-0069,-15.382827,28.350609,concrete_rcc,877,79309,69553993.0,True,synthetic Lusaka Zambia urban flood demo for Casta4 — not a real portfolio,0.6410781239998251,0.6115007211024132,0.5188659515718537,0.4502170558431608,0.3498103832360284
LSK-0070,-15.408082,28.277636,permanent_masonry,158,45402,7173516.0,True,synthetic Lusaka Zambia urban flood demo for Casta4 — not a real portfolio,0.3274582987960148,0.3229037026485149,0.2269434570549184,0.1681789018981054,0.0489105953487579
LSK-0071,-15.465587,28.293889,concrete_rcc,790,74776,59073040.0,True,synthetic Lusaka Zambia urban flood demo for Casta4 — not a real portfolio,0.4863595535650584,0.4179156805494185,0.320612554241603,0.216774267084189,0.0997446507970071
LSK-0072,-15.397674,28.334607,semi_permanent,55,11585,637175.0,True,synthetic Lusaka Zambia urban flood demo for Casta4 — not a real portfolio,0.2787548617148896,0.260939973703691,0.2424317133619952,0.1485588852676774,0.0686783336649859
LSK-0073,-15.396487,28.379467,concrete_rcc,1017,74472,75738024.0,True,synthetic Lusaka Zambia urban flood demo for Casta4 — not a real portfolio,0.5694129077148137,0.5422814581234161,0.5241046696394233,0.455876791660271,0.3421005276227561
LSK-0074,-15.375185,28.354638,concrete_rcc,952,77168,73463936.0,True,synthetic Lusaka Zambia urban flood demo for Casta4 — not a real portfolio,0.3836746639471385,0.3385547070252942,0.2513137008443737,0.1621839066554167,0.1289536714343631
LSK-0075,-15.412696,28.289609,permanent_masonry,163,44572,7265236.0,True,synthetic Lusaka Zambia urban flood demo for Casta4 — not a real portfolio,0.2488749542501028,0.2250509772566584,0.1954125905788242,0.1583859631346859,0.129106299274361
LSK-0076,-15.463134,28.301178,concrete_rcc,1070,81454,87155780.0,True,synthetic Lusaka Zambia urban flood demo for Casta4 — not a real portfolio,0.2897967150747136,0.2700884290270333,0.2649961376829888,0.2540543469096301,0.1208944293370733
LSK-0077,-15.381946,28.317593,informal_iron_sheet,10,9703,97030.0,True,synthetic Lusaka Zambia urban flood demo for Casta4 — not a real portfolio,0.2362004758192052,0.2065599376849423,0.1358711049321573,0.09063623254915,0
LSK-0078,-15.400190,28.373461,concrete_rcc,486,79607,38689002.0,True,synthetic Lusaka Zambia urban flood demo for Casta4 — not a real portfolio,0.59945267954864,0.5378386492851951,0.4753306906666785,0.4176944002525944,0.2813532704983027
LSK-0079,-15.364683,28.355640,informal_iron_sheet,19,6671,126749.0,True,synthetic Lusaka Zambia urban flood demo for Casta4 — not a real portfolio,0.6594802067959892,0.6239258734456882,0.616440495488706,0.5868150606856863,0.4940677721033637
LSK-0080,-15.409850,28.273658,concrete_rcc,772,81773,63128756.0,True,synthetic Lusaka Zambia urban flood demo for Casta4 — not a real portfolio,0.1429210248772615,0.1061985531348655,0.1006738080979376,0.0847716356749988,0.0237885513709007
LSK-0081,-15.468730,28.294979,concrete_rcc,435,75648,32906880.0,True,synthetic Lusaka Zambia urban flood demo for Casta4 — not a real portfolio,0.560995380936496,0.5597144191500992,0.4716903597189448,0.4408471583087557,0.329508967405567
LSK-0082,-15.385964,28.320880,semi_permanent,47,12031,565457.0,True,synthetic Lusaka Zambia urban flood demo for Casta4 — not a real portfolio,0.4827502272085621,0.4527878679870264,0.3635370849923129,0.3222154617796696,0.1878269805723721
LSK-0083,-15.396983,28.391545,permanent_masonry,107,39845,4263415.0,True,synthetic Lusaka Zambia urban flood demo for Casta4 — not a real portfolio,0.6069566477630907,0.5675584153021374,0.5579790025691365,0.5107564439148156,0.4422737088176837
LSK-0084,-15.372656,28.348971,semi_permanent,52,12997,675844.0,True,synthetic Lusaka Zambia urban flood demo for Casta4 — not a real portfolio,0.2042882625916463,0.1753262461425693,0.1367797558582169,0.1025980806931984,0
LSK-0085,-15.423431,28.288011,concrete_rcc,1076,78431,84391756.0,True,synthetic Lusaka Zambia urban flood demo for Casta4 — not a real portfolio,0.0920936978864458,0.0789550278318322,0,0,0
LSK-0086,-15.443368,28.294557,semi_permanent,48,12474,598752.0,True,synthetic Lusaka Zambia urban flood demo for Casta4 — not a real portfolio,0.5134454680383733,0.4792676995308666,0.4284057241642968,0.3895173254108177,0.3218382675603443
LSK-0087,-15.381496,28.318036,concrete_rcc,866,74889,64853874.0,True,synthetic Lusaka Zambia urban flood demo for Casta4 — not a real portfolio,0.547057591532317,0.5062179724104099,0.4461643464126938,0.4302933270856703,0.2978968111331015
LSK-0088,-15.405835,28.373613,concrete_rcc,1082,74187,80270334.0,True,synthetic Lusaka Zambia urban flood demo for Casta4 — not a real portfolio,0.5054143950201433,0.4774850982818498,0.4169667117359132,0.3139371838333682,0.267142694833201
LSK-0089,-15.385969,28.344539,concrete_rcc,565,77587,43836655.0,True,synthetic Lusaka Zambia urban flood demo for Casta4 — not a real portfolio,0.4775423409690994,0.4146703600423789,0.3501752896593244,0.343644236163651,0.3229102696653318
LSK-0090,-15.413109,28.278250,concrete_rcc,1063,80109,85155867.0,True,synthetic Lusaka Zambia urban flood demo for Casta4 — not a real portfolio,0.5629329578690159,0.4882599501982259,0.4054375118265671,0.3914547818014035,0.3430557696858523
LSK-0091,-15.464429,28.300582,informal_iron_sheet,20,8016,160320.0,True,synthetic Lusaka Zambia urban flood demo for Casta4 — not a real portfolio,0.6981719042842525,0.6699425988544027,0.6026307618555512,0.5358507455886939,0.4062734109506055
LSK-0092,-15.380168,28.340838,permanent_masonry,101,44502,4494702.0,True,synthetic Lusaka Zambia urban flood demo for Casta4 — not a real portfolio,0.4294825319284173,0.3588550529799723,0.3206340557233962,0.2879821682807706,0.1727374169962896
LSK-0093,-15.394731,28.373515,concrete_rcc,1086,81838,88876068.0,True,synthetic Lusaka Zambia urban flood demo for Casta4 — not a real portfolio,0.176506134113306,0.1733319506031785,0.1566648821503714,0.0600433887101917,0.0355462008650739
LSK-0094,-15.364256,28.342565,semi_permanent,38,12046,457748.0,True,synthetic Lusaka Zambia urban flood demo for Casta4 — not a real portfolio,0.5647513292662262,0.5064616153694151,0.4638162995914973,0.4135361238708065,0.2842454783454814
LSK-0095,-15.417435,28.294279,concrete_rcc,689,76875,52966875.0,True,synthetic Lusaka Zambia urban flood demo for Casta4 — not a real portfolio,0.3305162135432984,0.2890936057828294,0.2603635766251609,0.2521725288789384,0.1194855713179931
LSK-0096,-15.471765,28.282908,semi_permanent,39,10569,412191.0,True,synthetic Lusaka Zambia urban flood demo for Casta4 — not a real portfolio,0.2388090972443752,0.2047195302594628,0.1976091160496435,0.1293608622390662,0.086776050027313
LSK-0097,-15.378208,28.338956,informal_iron_sheet,23,6510,149730.0,True,synthetic Lusaka Zambia urban flood demo for Casta4 — not a real portfolio,0.2753867410969033,0.2430809833378808,0.2292183273854098,0.2244593951830248,0.1437613455589999
LSK-0098,-15.399496,28.392504,concrete_rcc,748,81570,61014360.0,True,synthetic Lusaka Zambia urban flood demo for Casta4 — not a real portfolio,0.4303949427188127,0.3659467103963471,0.3260341943961612,0.2312089283211026,0.1922782380068748
LSK-0099,-15.377866,28.339080,semi_permanent,57,13688,780216.0,True,synthetic Lusaka Zambia urban flood demo for Casta4 — not a real portfolio,0.6460751469796596,0.6151159281216169,0.5609784597377656,0.491038138128446,0.4030055433278394
LSK-0100,-15.417718,28.291963,semi_permanent,55,12368,680240.0,True,synthetic Lusaka Zambia urban flood demo for Casta4 — not a real portfolio,0.5762446216144509,0.5711990524994236,0.5081506078525764,0.4490342998733013,0.3247314970160278
LSK-0101,-15.444067,28.290728,permanent_masonry,88,51947,4571336.0,True,synthetic Lusaka Zambia urban flood demo for Casta4 — not a real portfolio,0.5282285308025421,0.5163272184977068,0.4252235777263814,0.3839628042881195,0.3699808494447898
LSK-0102,-15.375092,28.339413,permanent_masonry,146,61597,8993162.0,True,synthetic Lusaka Zambia urban flood demo for Casta4 — not a real portfolio,0.3090488768866199,0.2690306503155507,0.2211171250147227,0.1028356451660575,0
LSK-0103,-15.392593,28.390455,semi_permanent,42,13001,546042.0,True,synthetic Lusaka Zambia urban flood demo for Casta4 — not a real portfolio,0.1144703197536364,0.0849079128213998,0.0772232421733133,0.0683953111449955,0
LSK-0104,-15.384363,28.352161,semi_permanent,42,12429,522018.0,True,synthetic Lusaka Zambia urban flood demo for Casta4 — not a real portfolio,0.4927685374103458,0.4893889879185445,0.4794497441405547,0.3933190265119338,0.3320727360768324
LSK-0105,-15.426169,28.279695,informal_iron_sheet,12,7880,94560.0,True,synthetic Lusaka Zambia urban flood demo for Casta4 — not a real portfolio,0.4669479255603146,0.4624639155963887,0.4496014536055081,0.3508717877130475,0.3144598853241113
LSK-0106,-15.453203,28.280370,informal_iron_sheet,12,6350,76200.0,True,synthetic Lusaka Zambia urban flood demo for Casta4 — not a real portfolio,0.4868745416385791,0.4829375492746913,0.3898698217471683,0.3154190491489571,0.1933837393870344
LSK-0107,-15.384975,28.340370,semi_permanent,35,11359,397565.0,True,synthetic Lusaka Zambia urban flood demo for Casta4 — not a real portfolio,0.5345205792490634,0.5332344795294812,0.4680898843392679,0.4568087032150543,0.3850563177700569
LSK-0108,-15.395465,28.376673,informal_iron_sheet,22,8092,178024.0,True,synthetic Lusaka Zambia urban flood demo for Casta4 — not a real portfolio,0.4824718374878879,0.4167578607568297,0.3337672073186562,0.3245150979266922,0.3045801864303079
LSK-0109,-15.359183,28.344199,semi_permanent,42,12280,515760.0,True,synthetic Lusaka Zambia urban flood demo for Casta4 — not a real portfolio,0.2767561586364973,0.230255432119382,0.1570383491186003,0.155770116209831,0.1491787911301872
LSK-0110,-15.425564,28.292870,semi_permanent,34,14038,477292.0,True,synthetic Lusaka Zambia urban flood demo for Casta4 — not a real portfolio,0.5579085388379681,0.4974585290030736,0.4383272579805398,0.4356016810056226,0.3777416605589442
LSK-0111,-15.453503,28.292982,informal_iron_sheet,20,6154,123080.0,True,synthetic Lusaka Zambia urban flood demo for Casta4 — not a real portfolio,0.3152216099005309,0.310498736855865,0.3081668719501832,0.247130418078963,0.1537198955368913
LSK-0112,-15.388069,28.336047,semi_permanent,39,9141,356499.0,True,synthetic Lusaka Zambia urban flood demo for Casta4 — not a real portfolio,0.4756984952884159,0.4619981506531258,0.4144566107520586,0.3886635300157286,0.2702329512233518
LSK-0113,-15.400485,28.377537,semi_permanent,39,10319,402441.0,True,synthetic Lusaka Zambia urban flood demo for Casta4 — not a real portfolio,0.6049619955964408,0.5643001413478305,0.4691576584580434,0.3551276019184115,0.2898828514058368
LSK-0114,-15.371259,28.342948,informal_iron_sheet,19,8761,166459.0,True,synthetic Lusaka Zambia urban flood demo for Casta4 — not a real portfolio,0.5836097033894913,0.5272157880154265,0.4358478096405162,0.4212492885383546,0.2884313490736241
LSK-0115,-15.428293,28.294849,permanent_masonry,115,44321,5096915.0,True,synthetic Lusaka Zambia urban flood demo for Casta4 — not a real portfolio,0.1640570377156328,0.0968241659874402,0.0371618375306789,0,0
LSK-0116,-15.461657,28.285216,informal_iron_sheet,14,8488,118832.0,True,synthetic Lusaka Zambia urban flood demo for Casta4 — not a real portfolio,0.5559926207728605,0.5153434749004119,0.4878647739183107,0.4650033600129719,0.4047986193378638
LSK-0117,-15.376181,28.323041,permanent_masonry,73,61909,4519357.0,True,synthetic Lusaka Zambia urban flood demo for Casta4 — not a real portfolio,0.6007026361597456,0.5774401227108102,0.4820211295172486,0.4575807954724734,0.4412816640325911
LSK-0118,-15.398400,28.393672,concrete_rcc,690,79640,54951600.0,True,synthetic Lusaka Zambia urban flood demo for Casta4 — not a real portfolio,0.1536272130947327,0.1083797888029949,0.0634657745895311,0,0
LSK-0119,-15.377904,28.357359,concrete_rcc,707,80080,56616560.0,True,synthetic Lusaka Zambia urban flood demo for Casta4 — not a real portfolio,0.419012548953935,0.3524880785566638,0.3164429246017534,0.3023747784836741,0.1707629221237043
LSK-0120,-15.409501,28.282257,permanent_masonry,119,43858,5219102.0,True,synthetic Lusaka Zambia urban flood demo for Casta4 — not a real portfolio,0.3109019921036743,0.2968386746696269,0.2515336995697653,0.2302600405563789,0.2098258407157045
LSK-0121,-15.451638,28.282805,semi_permanent,53,11695,619835.0,True,synthetic Lusaka Zambia urban flood demo for Casta4 — not a real portfolio,0.304846699036978,0.252840263043734,0.1776748341574858,0.1313988495070662,0.1297332400129817
LSK-0122,-15.382878,28.339136,semi_permanent,50,13374,668700.0,True,synthetic Lusaka Zambia urban flood demo for Casta4 — not a real portfolio,0.4828896854187852,0.4303064726349922,0.3705005398862787,0.308547724067038,0.2628762526829169
LSK-0123,-15.399704,28.382752,permanent_masonry,105,58231,6114255.0,True,synthetic Lusaka Zambia urban flood demo for Casta4 — not a real portfolio,0.5739676337333777,0.5452927295653763,0.5084121985212233,0.4154317381683769,0.3338309463810266
LSK-0124,-15.360610,28.354764,concrete_rcc,938,79360,74439680.0,True,synthetic Lusaka Zambia urban flood demo for Casta4 — not a real portfolio,0.437552505620748,0.3883169396871162,0.3010104919423393,0.2392762819304116,0.231850163804389
LSK-0125,-15.426671,28.294351,informal_iron_sheet,13,7400,96200.0,True,synthetic Lusaka Zambia urban flood demo for Casta4 — not a real portfolio,0.3151453987769928,0.2550439590579918,0.2434493927831004,0.1443133923455985,0.1133256385568034
LSK-0126,-15.444637,28.296690,semi_permanent,41,11171,458011.0,True,synthetic Lusaka Zambia urban flood demo for Casta4 — not a real portfolio,0.1930265780862828,0.1881725189073768,0.1282020532938623,0.0108226367015959,0
LSK-0127,-15.391597,28.324771,permanent_masonry,147,61528,9044616.0,True,synthetic Lusaka Zambia urban flood demo for Casta4 — not a real portfolio,0.3911292869424651,0.3574294364907983,0.2774025277677138,0.2309139194603049,0.2301052079985457
LSK-0128,-15.398772,28.394940,semi_permanent,56,13365,748440.0,True,synthetic Lusaka Zambia urban flood demo for Casta4 — not a real portfolio,0.6365144744549799,0.5763422478665053,0.5294341421138417,0.4339487998897131,0.3883326965965718
LSK-0129,-15.386669,28.344980,semi_permanent,55,14098,775390.0,True,synthetic Lusaka Zambia urban flood demo for Casta4 — not a real portfolio,0.4893750297065489,0.4356698340529474,0.3385694784589359,0.2602891081518974,0.2473656300552611
LSK-0130,-15.420295,28.278074,semi_permanent,57,12445,709365.0,True,synthetic Lusaka Zambia urban flood demo for Casta4 — not a real portfolio,0.1758914634968806,0.1058171845607995,0.0179287536869361,0,0
LSK-0131,-15.449578,28.297386,concrete_rcc,571,76866,43890486.0,True,synthetic Lusaka Zambia urban flood demo for Casta4 — not a real portfolio,0.2243018747427323,0.1756335158057391,0.1433082506507981,0.1054122265663228,0.0855196349281232
LSK-0132,-15.380303,28.317982,informal_iron_sheet,24,9654,231696.0,True,synthetic Lusaka Zambia urban flood demo for Casta4 — not a real portfolio,0.3322445019038424,0.2533134551408875,0.2092824473329711,0.1966279424054847,0.0745414086279379
LSK-0133,-15.391385,28.393470,informal_iron_sheet,17,8788,149396.0,True,synthetic Lusaka Zambia urban flood demo for Casta4 — not a real portfolio,0.4720452062344703,0.4322420410126507,0.3863934793873706,0.2904079419988194,0.2031271504368125
LSK-0134,-15.367900,28.337387,concrete_rcc,1087,79780,86720860.0,True,synthetic Lusaka Zambia urban flood demo for Casta4 — not a real portfolio,0.3291215212443058,0.2997572703907644,0.2937470023355127,0.1902925144929759,0.1126285012678909
LSK-0135,-15.418954,28.294585,permanent_masonry,107,44857,4799699.0,True,synthetic Lusaka Zambia urban flood demo for Casta4 — not a real portfolio,0.5058563719227459,0.4489888016516125,0.4215411249820682,0.3598686333858132,0.2385588720869055
LSK-0136,-15.454195,28.299307,informal_iron_sheet,18,5939,106902.0,True,synthetic Lusaka Zambia urban flood demo for Casta4 — not a real portfolio,0.5253602269879776,0.4924547809694196,0.479446792445524,0.3841110477426265,0.2578707623950323
LSK-0137,-15.379518,28.334693,permanent_masonry,89,59435,5289715.0,True,synthetic Lusaka Zambia urban flood demo for Casta4 — not a real portfolio,0.5976663788950574,0.5575445377996694,0.5190516125615723,0.4998868560114097,0.3844747249845859
LSK-0138,-15.413988,28.382729,permanent_masonry,72,45988,3311136.0,True,synthetic Lusaka Zambia urban flood demo for Casta4 — not a real portfolio,0.1883689997725287,0.1543075047446746,0.0750231098280619,0.0432637197045824,0.0074828155682462
LSK-0139,-15.383947,28.347624,informal_iron_sheet,20,8997,179940.0,True,synthetic Lusaka Zambia urban flood demo for Casta4 — not a real portfolio,0.3974840517498888,0.3489696558554169,0.319649540253904,0.3083048429188966,0.2916647664041557
LSK-0140,-15.414623,28.270467,concrete_rcc,965,80952,78118680.0,True,synthetic Lusaka Zambia urban flood demo for Casta4 — not a real portfolio,0.5911407947822299,0.5233774666237586,0.4276169030272903,0.3502434450393666,0.3260606351003552
LSK-0141,-15.447948,28.299300,concrete_rcc,1021,74574,76140054.0,True,synthetic Lusaka Zambia urban flood demo for Casta4 — not a real portfolio,0.4182236979792069,0.3395199007119809,0.3390404930841905,0.2405937838024838,0.2047390507971577
LSK-0142,-15.400162,28.322357,informal_iron_sheet,22,5986,131692.0,True,synthetic Lusaka Zambia urban flood demo for Casta4 — not a real portfolio,0.1498340359802532,0.1455891987292271,0.0769988811369112,0.0011770783794927,0
LSK-0143,-15.410035,28.383671,semi_permanent,35,11705,409675.0,True,synthetic Lusaka Zambia urban flood demo for Casta4 — not a real portfolio,0.5728214176975053,0.513540282100239,0.4577272364933197,0.3976851764035564,0.3042575484552981
LSK-0144,-15.370903,28.353859,concrete_rcc,849,81753,69408297.0,True,synthetic Lusaka Zambia urban flood demo for Casta4 — not a real portfolio,0.1230172408868912,0.0623405482418257,0.0494597902523474,0.0489956375699494,0.01393518281873
LSK-0145,-15.428251,28.284870,permanent_masonry,105,58744,6168120.0,True,synthetic Lusaka Zambia urban flood demo for Casta4 — not a real portfolio,0.5262608487782063,0.4553170839592576,0.410102914185577,0.4081776964810206,0.3842230985153811
LSK-0146,-15.449995,28.300850,semi_permanent,56,14191,794696.0,True,synthetic Lusaka Zambia urban flood demo for Casta4 — not a real portfolio,0.2434010683782981,0.2251777069040691,0.1893026150986407,0.1422143301832693,0.0287364867224096
LSK-0147,-15.381197,28.316921,informal_iron_sheet,10,7895,78950.0,True,synthetic Lusaka Zambia urban flood demo for Casta4 — not a real portfolio,0.5035177242516293,0.442511645143728,0.3854183416803754,0.3226889337238718,0.2396529099365908
LSK-0148,-15.409865,28.374763,informal_iron_sheet,15,7185,107775.0,True,synthetic Lusaka Zambia urban flood demo for Casta4 — not a real portfolio,0.2058729618774851,0.1915877822863877,0.1254506050388045,0.0413165373695393,0
LSK-0149,-15.378312,28.356297,permanent_masonry,158,55627,8789066.0,True,synthetic Lusaka Zambia urban flood demo for Casta4 — not a real portfolio,0.6235159129489766,0.574110212596468,0.5457693332143826,0.4439133850914077,0.418750333142696
