claim_id,cedant,insured,industry,location,peril,sum_insured_kes,claimed_amount_kes,settled_amount_kes,flood_defences_present,drainage_maintained,previous_claims_count,cause_confirmed,days_to_notify,status,hazard_band
HC-001,Amani General,Eastlands Depot Ltd,Warehousing,Nairobi - Kariobangi,Flood,120000000,9800000,9100000,Yes,Yes,0,Pluvial inundation,4,Settled,high
HC-002,Amani General,Ngong Road Retail Park,Commercial,Nairobi - Kilimani,Flood,180000000,6200000,5800000,Yes,Yes,0,Storm water ingress,3,Settled,watch
HC-003,Amani General,Dandora Packaging Co,Manufacturing - Packaging,Nairobi - Dandora,Flood,95000000,31000000,27500000,No,No,2,Drainage overflow,11,Settled,high
HC-004,Amani General,Mathare Community Stores,Retail,Nairobi - Mathare,Flood,28000000,4100000,3600000,No,Yes,1,Pluvial inundation,6,Settled,high
HC-005,Amani General,Westlands Office Suites,Commercial,Nairobi - Westlands,Flood,220000000,3500000,3200000,Yes,Yes,0,Roof storm ingress,2,Settled,low
HC-006,Amani General,Kayole Grain Traders,Warehousing,Nairobi - Kayole,Flood,70000000,14500000,12800000,Yes,No,1,Pluvial inundation,7,Settled,high
HC-007,Amani General,Athi River Logistics,Warehousing,Machakos,Flood,150000000,8900000,8400000,Yes,Yes,0,River overflow,5,Settled,watch
HC-008,Amani General,Kibera Market Cooperative,Retail,Nairobi - Kibera,Flood,18000000,5200000,4500000,No,No,3,Drainage overflow,14,Settled,high
HC-009,Amani General,Kariobangi Cold Storage & Logistics Limited,Warehousing - Cold storage,Nairobi - Kariobangi,Flood,320000000,4200000,3600000,Yes,Yes,0,Drainage overflow,5,Settled,high
HC-010,Amani General,Kariobangi Cold Storage & Logistics Limited,Warehousing - Cold storage,Nairobi - Kariobangi,Flood,350000000,6800000,5900000,Yes,No,1,Storm water ingress,4,Settled,high
HC-011,Amani General,Ruai Agro Depot,Warehousing,Nairobi - Ruai,Flood,85000000,11200000,10100000,Yes,Yes,0,Pluvial inundation,3,Settled,watch
HC-012,Amani General,Industrial Area Spares Hub,Warehousing,Nairobi - Industrial Area,Flood,140000000,7600000,7200000,Yes,Yes,0,Storm water ingress,4,Settled,low
HC-013,Amani General,Njiru Timber Yard,Manufacturing - Timber,Nairobi - Njiru,Flood,55000000,19800000,16500000,No,No,2,Pluvial inundation,12,Settled,high
HC-014,Amani General,Parklands Medical Plaza,Commercial,Nairobi - Parklands,Flood,260000000,4100000,3900000,Yes,Yes,0,Escape of water,2,Settled,low
HC-015,Amani General,Komarock Fresh Market,Retail,Nairobi - Komarock,Flood,42000000,8700000,7900000,Yes,Yes,1,Drainage overflow,6,Settled,watch
HC-016,Amani General,Langata Cold Chain Ltd,Warehousing - Cold storage,Nairobi - Langata,Flood,110000000,9400000,8800000,Yes,Yes,0,Storm water ingress,3,Settled,watch
HC-017,Amani General,Kiambiu Traders Association,Retail,Nairobi - Kiambiu,Flood,22000000,6100000,5200000,No,No,2,Pluvial inundation,9,Settled,high
HC-018,Amani General,Donholm Auto Parts,Retail,Nairobi - Donholm,Flood,48000000,5300000,4900000,Yes,Yes,0,Storm water ingress,4,Settled,watch
HC-019,Amani General,Mwiki Household Goods,Warehousing,Nairobi - Mwiki,Flood,65000000,12100000,10800000,Yes,No,1,Drainage overflow,8,Settled,high
HC-020,Amani General,Tassia Hardware Mart,Retail,Nairobi - Tassia,Flood,36000000,4500000,4100000,Yes,Yes,0,Pluvial inundation,5,Settled,watch
HC-021,Amani General,Fedha Business Park,Commercial,Nairobi - Fedha,Flood,175000000,6800000,6400000,Yes,Yes,0,Storm water ingress,3,Settled,low
HC-022,Amani General,Kangemi Open Depot,Warehousing,Nairobi - Kangemi,Flood,90000000,42000000,35500000,No,No,2,Undetermined,16,Under review,high
HC-023,Amani General,Lavington Service Centre,Commercial,Nairobi - Lavington,Flood,130000000,2900000,2700000,Yes,Yes,0,Escape of water,2,Settled,low
HC-024,Amani General,Kawangware Textile Store,Warehousing,Nairobi - Kawangware,Flood,58000000,16700000,14200000,No,Yes,1,Pluvial inundation,10,Settled,high
HC-025,Amani General,Chiromo Lab Supplies,Warehousing,Nairobi - Chiromo,Flood,75000000,5100000,4800000,Yes,Yes,0,Storm water ingress,3,Settled,low
HC-026,Amani General,Nairobi West Spare Parts,Warehousing,Nairobi - Nairobi West,Flood,100000000,8300000,7900000,Yes,Yes,0,Drainage overflow,4,Settled,watch
HC-027,Amani General,Madaraka Printing Press,Manufacturing - Printing,Nairobi - Madaraka,Flood,67000000,7200000,6800000,Yes,Yes,1,Storm water ingress,5,Settled,watch
HC-028,Amani General,Kitisuru Estate Stores,Retail,Nairobi - Kitisuru,Flood,45000000,2100000,2000000,Yes,Yes,0,Escape of water,2,Settled,low
HC-029,Amani General,Outer Ring Mega Depot,Warehousing,Nairobi - Kariobangi,Flood,290000000,78000000,69000000,Yes,Yes,0,Pluvial inundation,3,Settled,high
HC-030,Amani General,Kariobangi Cold Storage & Logistics Limited,Warehousing - Cold storage,Nairobi - Kariobangi,Flood,380000000,92000000,,No,No,2,Under investigation,1,Open - current claim,high
